### Assimilators 2
### Created by Michael Hamm
### Based on a template by Henrik Eklund

untrustedassimilators2 = {
	randomized = no

	ship_names = {
		generic = {
			"Drone"
			"Sub-Collective"
			"Assimilator"
		}

		corvette = {
			"Assimilator Drone" "Combat Drone" "Frigate Drone" "Frigate  Sub-Unit"
		}
		
		destroyer = {
			"Assimilator Drone" "Combat Drone" "Destroyer Drone" "Destroyer Sub-Unit"
		}
		
		cruiser = {
			"Assimilator Drone" "Combat Drone" "Cruiser Drone" "Cruiser Sub-Unit"
		}
		
		battleship = {
			"Assimilator Drone" "Combat Drone" "Battle Drone" "Battle Sub-Unit"
		}
		
		science = {
			"Scouting Drone" "Locator Drone" "Knowledge Assmimilator" "Research Assimilator"
		}
		
		colonizer = {
			"Assimilator" "Assimilator Drone" "Planetary-Assimilator"
		}
		
		constructor = {
			"Construction Drone" "Construction Sub-Unit"
		}
		
		titan = {
			"Titan Drone" "Titan Sub-Unit"
		}

		colossus = {
			"Collosus Drone" "Planetary Reducer Drone" "Planet Destroyer Drone" "Planet Removal Drone" "Space-Clearance Drone" "Reducer Drone" "Cleaner Drone" "Cleaning Drone"
		}

		
		mining_station = { "Material Assimilator" "Resource Assimilator" }
		research_station = {"Research Assimilator" "Research Assimilator" "Knowledge Assimilator"}
		#terraform_station = { }
		observation_station = { }

		military_station_small = { "Assimilation Outpost" "Assimilation Nexus" "Drone-Vat" "Signal Booster" "Assimilated Nexus" "Computational Subunit" "Supercomputing Cluster" "Assimilation Station" "Space-Based Supercomputer"}
		military_station_medium = {}
		military_station_large = {}

		transport = {
			 "Assimilation Pod"
		}
	}

	ship_class_names = {
		generic = {
		"Assimilator Alpha" "Assimilator Beta" "Assimilator Gamma" "Assimilator Delta" "Assimilator Epsilon" "Assimilator Zeta" 
		"Assimilator Eta" "Assimilator Theta" "Assimilator Iota" "Assimilator Kappa" "Assimilator Lambda" "Assimilator Mu" "Assimilator Nu" "Assimilator Xi" 
		"Assimilator Omicron" "Assimilator Pi" "Assimilator Rho" "Assimilator Sigma" "Assimilator Tau" "Assimilator Upsilon" "Assimilator Phi" "Assimilator Chi"
		"Assimilator Psi" "Assimilator Omega"
		"Alpha Drone" "Beta Drone" "Gamma Drone" "Delta Drone" "Epsilon Drone" "Zeta Drone" 
		"Eta Drone" "Theta Drone" "Iota Drone" "Kappa Drone" "Lambda Drone" "Mu Drone" "Nu Drone" "Xi Drone" 
		"Omicron Drone" "Pi Drone" "Rho Drone" "Sigma Drone" "Tau Drone" "Upsilon Drone" "Phi Drone" "Chi Drone"
		"Psi Drone" "Omega Drone"
		}		
	}

	fleet_names = {
		random_names = {
		}
		sequential_name = "%O% Swarm"
	}
	
	### ARMIES
	army_names = {
	
		 machine_assault_1 = {
			sequential_name = "%O% Assimilation Sub-Units"
		}

		machine_defense = {
			sequential_name = "%O% Defender Sub-Units"
		}
		
		machine_assault_2 = {
			sequential_name = "%O% Heavy Assimilation Sub-Units"
		}
	
		machine_assault_3 = {
			sequential_name = "%O% Titanic Assmilation Sub-Units"
		}

		defense_army = {
			sequential_name = "%O% Defender Sub-Units"
		}
			
		assault_army = {
			sequential_name = "%O% Assimilator Sub-Units"
		}
		
		slave_army = {
			sequential_name = "%O% Assimilated Sub-units"
		}
		
		clone_army = { 
			sequential_name = "%O% Vat-Grown Subunits"
		}
		
		robotic_army = {
			sequential_name = "%O% Assimilation Sub-Units"
		}
		
		psionic_army = { 
			sequential_name = "%O% Psi Assimilators"
		}
		
		xenomorph_army = {
			sequential_name = "%O% Planet Scorching Subunits"
		}
		
		gene_warrior_army = {
			sequential_name = "%O% Enhanced Assmilation Sub-Units"
		}
	}

	### PLANETS

	planet_names = {

		generic = {
			names = {
            "Alpha Colony" "Beta Colony" "Gamma Colony" "Delta Colony" "Epsilon Colony" "Zeta Colony" 
            "Eta Colony" "Theta Colony" "Iota Colony" "Assimilated World Alpha" "Assimilated World Beta"
			"Assimilated World Gamma" "Assimilated World Delta" "Assimilated World Epsilon" "Assimilated World Zeta" "Assimilated World Eta"
			"Assimilated World Theta" "Assimilated World Iota"

			"Assimilated World 00" "Assimilated World 01" "Assimilated World 10" "Assimilated World 11"
			
			 "Assimilated World 00-01" "Assimilated World 00-00" "Assimilated World 00-10" "Assimilated World 00-11"
			 "Assimilated World 10-01" "Assimilated World 10-00" "Assimilated World 10-10" "Assimilated World 10-11"
			 "Assimilated World 11-01" "Assimilated World 11-00" "Assimilated World 11-10" "Assimilated World 11-11"
			 "Assimilated World 01-01" "Assimilated World 01-00" "Assimilated World 01-10" "Assimilated World 01-11"
			 
			 "Assimilated World 00-01-00" "Assimilated World 00-00-00" "Assimilated World 00-10-00" "Assimilated World 00-11-00"
			 "Assimilated World 10-01-00" "Assimilated World 10-00-00" "Assimilated World 10-10-00" "Assimilated World 10-11-00"
			 "Assimilated World 11-01-00" "Assimilated World 11-00-00" "Assimilated World 11-10-00" "Assimilated World 11-11-00"
			 "Assimilated World 01-01-00" "Assimilated World 01-00-00" "Assimilated World 01-10-00" "Assimilated World 01-11-00"
			 
			 "Assimilated World 00-01-01" "Assimilated World 00-00-01" "Assimilated World 00-10-01" "Assimilated World 00-11-01"
			 "Assimilated World 10-01-01" "Assimilated World 10-00-01" "Assimilated World 10-10-01" "Assimilated World 10-11-01"
			 "Assimilated World 11-01-01" "Assimilated World 11-00-01" "Assimilated World 11-10-01" "Assimilated World 11-11-01"
			 "Assimilated World 01-01-01" "Assimilated World 01-00-01" "Assimilated World 01-10-01" "Assimilated World 01-11-01"
			 
			 "Assimilated World 00-01-11" "Assimilated World 00-00-11" "Assimilated World 00-10-11" "Assimilated World 00-11-11"
			 "Assimilated World 10-01-11" "Assimilated World 10-00-11" "Assimilated World 10-10-11" "Assimilated World 10-11-11"
			 "Assimilated World 11-01-11" "Assimilated World 11-00-11" "Assimilated World 11-10-11" "Assimilated World 11-11-11"
			 "Assimilated World 01-01-11" "Assimilated World 01-00-11" "Assimilated World 01-10-11" "Assimilated World 01-11-11"
			 
			 "Assimilated World 00-01-10" "Assimilated World 00-00-10" "Assimilated World 00-10-10" "Assimilated World 00-11-10"
			 "Assimilated World 10-01-10" "Assimilated World 10-00-10" "Assimilated World 10-10-10" "Assimilated World 10-11-10"
			 "Assimilated World 11-01-10" "Assimilated World 11-00-10" "Assimilated World 11-10-10" "Assimilated World 11-11-10"
			 "Assimilated World 01-01-10" "Assimilated World 01-00-10" "Assimilated World 01-10-10" "Assimilated World 01-11-10"
			}
		}
		
		pc_desert = {
			names = {
			}
		}
		
		pc_tropical = {
			names = {
			}
		}
		
		pc_arid = {
			names = {
			}
		}
		
		pc_continental = {
			names = {
			}
		}
		
		pc_ocean = {
			names = {
			}
		}
		
		pc_tundra = {
			names = {
			}
		}
		
		pc_arctic = {
			names = {
			}
		}

		pc_savannah = {
			names = {
			}
		}

		pc_alpine = {
			names = {
			}
		}
		
	}

	### CHARACTERS

	character_names = {
		default = {
			# A complete name
			full_names = { "Assimilatron 00" "Assimilatron 01" "Assimilatron 02" "Assimilatron 003" "Assimilatron 04" "Assimilatron 05" "Assimilatron 06" "Assimilatron 07" "Assimilatron 08" "Assimilatron 09" "Assimilatron 010"
			"Assimilatron 011" "Assimilatron 012" "Assimilatron 013" "Assimilatron 014" "Assimilatron 015" "Assimilatron 016" "Assimilatron 017" "Assimilatron 018" "Assimilatron 019" "Assimilatron 020" 
			"Assimilatron 021" "Assimilatron 022" "Assimilatron 023" "Assimilatron 024" "Assimilatron 025" "Assimilatron 026" "Assimilatron 027" "Assimilatron 028" "Assimilatron 029" "Assimilatron 030" 
			"Assimilatron 031" "Assimilatron 032" "Assimilatron 033" "Assimilatron 034" "Assimilatron 035" "Assimilatron 036" "Assimilatron 037" "Assimilatron 038" "Assimilatron 039" "Assimilatron 040" 
			"Assimilatron 041" "Assimilatron 042" "Assimilatron 043" "Assimilatron 044" "Assimilatron 045" "Assimilatron 046" "Assimilatron 047" "Assimilatron 048" "Assimilatron 049" "Assimilatron 050" 
			"Assimilatron 051" "Assimilatron 052" "Assimilatron 053" "Assimilatron 054" "Assimilatron 055" "Assimilatron 056" "Assimilatron 057" "Assimilatron 058" "Assimilatron 059" "Assimilatron 060" 
			"Assimilatron 061" "Assimilatron 062" "Assimilatron 063" "Assimilatron 064" "Assimilatron 065" "Assimilatron 066" "Assimilatron 067" "Assimilatron 068" "Assimilatron 069" "Assimilatron 070" 
			"Assimilatron 071" "Assimilatron 072" "Assimilatron 073" "Assimilatron 074" "Assimilatron 075" "Assimilatron 076" "Assimilatron 077" "Assimilatron 078" "Assimilatron 079" "Assimilatron 080"
			}
			
			# Always combined with a second name
			first_names = {
			}
			
			# Always combined with a first name
			second_names = {
            }
			
			regnal_first_names = {
			}
			
			regnal_second_names = {
			}
		}
	}

	ruler_names = {
		default = {
			full_names = {
				"Great Controller" "Locutus" "Controller" "The Mind" "Assimilation Directive" "Alpha Directive" "Beta Directive" "Adaption Directive" "Adaptor Directive" "Malfunctioning Adaption Directive" "Omega Directive"
			}
		}
	}
}